{"cameraMode":{"drawMode":0,"name":"Shaded","section":"Shading Mode"},"sceneLighting":true,"audioPlay":false,"sceneViewState":{"m_AlwaysRefresh":true,"showFog":true,"showSkybox":true,"showFlares":true,"showImageEffects":true,"showParticleSystems":true,"showVisualEffectGraphs":true,"m_FxEnabled":true},"in2DMode":false,"pivot":{"x":-9.346495628356934,"y":7.995248794555664,"z":37.922794342041019},"rotation":{"x":-0.03919762745499611,"y":-0.08347312361001969,"z":0.002866022754460573,"w":-0.9959596395492554},"size":5.139739036560059,"orthographic":false}